,Opportunity Name,Soliciting Agency,NAICS Code,FPDS Code,Response Dead Line,Notice Id
0,Chief Information Officer - Solutions and Partners 4 (CIO-SP4),"HEALTH AND HUMAN SERVICES, DEPARTMENT OF",541512,7529,2021-03-16 21:00:00+00:00,5b025426cabe4b0fb1aa4094a7a6e130
1,Service for two (2) Government-owned ABI Genetic Analyzers3500xL S/N ABI Genetic Analyzers,"HEALTH AND HUMAN SERVICES, DEPARTMENT OF",811219,7529,2021-03-11 20:00:00+00:00,0f6cd744778d45fbb1a787a773e509e8
2,MTEC-21-10-Navy Multi-Topic 2021 - Advanced Biomedical Product Development in Support of Naval Operations RPP Announcement,DEPT OF DEFENSE,,2100,2021-03-22 16:00:00+00:00,c2b624e1de1048dc9d1b5f5bda4d03c4
3,Biomedical Research Application Evaluation Support (BRAES) Services,DEPT OF DEFENSE,541690,2100,2021-03-19 18:00:00+00:00,301d37126cd144688117261cbb4e0172
4,HPC4EnergyInnovation Program: Collaborations for U.S. Manufacturers,"ENERGY, DEPARTMENT OF",,8900,2021-04-19 04:00:00+00:00,076c71fe4171487787e8a20d0f2a384e
5,"Z2DA--NRM 642-21-118 | Building 21 MRI Unit | EDA: 02/27/21 | Current Milestone: Pre-Sol | Status: Posted Pre-Sol on 12/15/2020, (MJ 12/31/2020); Assigned to CS (EES 12/07/20); Moved to D2 TBD folder for processing (12/3/2020, Derrick","VETERANS AFFAIRS, DEPARTMENT OF",236220,3600,2021-03-17 17:00:00+00:00,2eaba4fd0bc94dfe936fbf5b3fb327ff
6,MDARNG Medical Provider for soldier readiness,DEPT OF DEFENSE,621111,2100,2021-03-11 15:00:00+00:00,acfebd0842a949e6b77d1a13040617af
7,J061--Essential Electrical Testing,"VETERANS AFFAIRS, DEPARTMENT OF",238210,3600,2021-03-18 17:00:00+00:00,e01ed66d6444466b934307f3b91b37da
8,6515--AUDIOMETER,"VETERANS AFFAIRS, DEPARTMENT OF",339112,3600,2021-06-30 15:00:00+00:00,7dab0cf847d44eb48bc799676ee939b4
9,MDARNG Medical Records Technician,DEPT OF DEFENSE,621399,2100,2021-03-11 15:00:00+00:00,568b7a1e617149f7bcce79d5628fc3cb
