,Opportunity Name,Soliciting Agency,NAICS Code,FPDS Code,Response Dead Line,Notice Id
0,Development & Manufacture of Pharmaceutical Products for the Treatment of Substance Abuse Disorder,"HEALTH AND HUMAN SERVICES, DEPARTMENT OF",541715,7529,2021-04-16 18:00:00+00:00,03a288689f134aa08aa5c501639f6b6f
1,CLINICAL PHARMACOLOGY QUALITY ASSURANCE (CPQA) PROGRAM,"HEALTH AND HUMAN SERVICES, DEPARTMENT OF",541715,7529,2021-03-29 19:00:00+00:00,d8ca954c33a342d4b17ecca3bc5a79c4
2,National Institute of Allergy and Infectious Diseases (NIAID) Clinical Site Monitoring Center (CSMC),"HEALTH AND HUMAN SERVICES, DEPARTMENT OF",541715,7529,2021-05-24 19:00:00+00:00,295745249671477a82668664867e780f
3,RFP 75D301-21-R-71774 Liquid Nitrogen Freezer Acquisition,"HEALTH AND HUMAN SERVICES, DEPARTMENT OF",333415,7523,2021-03-19 19:00:00+00:00,65d7fb96cac143d8b56558d124eabd24
4,Chief Information Officer - Solutions and Partners 4 (CIO-SP4),"HEALTH AND HUMAN SERVICES, DEPARTMENT OF",541512,7529,2021-03-16 21:00:00+00:00,5b025426cabe4b0fb1aa4094a7a6e130
5,Request for Information - Endorsement and Maintenance FY22,"HEALTH AND HUMAN SERVICES, DEPARTMENT OF",541618,7530,2021-04-30 16:00:00+00:00,78255ef406db4cac862a28734dc5c686
6,EMPLOYEE ASSISTANCE PROGRAM (EAP),DEPT OF DEFENSE,561611,2100,2021-03-16 19:00:00+00:00,8dba2395a4164e6aa999d182b81b3c42
7,This is a service contract to provide Medical Non-Clinical Case,DEPT OF DEFENSE,541990,2100,2021-03-16 19:30:00+00:00,635ddb8c32164f05a62c7081fecd1f67
8,B533--Dialysis Water Testing,"VETERANS AFFAIRS, DEPARTMENT OF",541380,3600,2021-03-16 19:00:00+00:00,fb09d5b45f034d00a634c080970fab15
9,National Institute of Allergy and Infectious Diseases (NIAID) Clinical Site Monitoring Center (CSMC),"HEALTH AND HUMAN SERVICES, DEPARTMENT OF",541715,7529,2021-05-24 19:00:00+00:00,295745249671477a82668664867e780f
