Serial no.,Opportunity Name,Soliciting Agency,NAICS Code,FPDS Code,Response Dead Line,Notice Id
0,Lightweight Processor For Army Special Operations Aircraft,DEPT OF DEFENSE,334511,97ZS,2021-03-11 19:00:00+00:00,6e483de9a387465baa7ff7e02e05302c
1,TECHNOLOGY TRANSFER OPPORTUNITY: Capacitive Pressure Sensor System and Packaging (LEW-TOPS-119),NATIONAL AERONAUTICS AND SPACE ADMINISTRATION,927110,8000,2021-03-18 21:00:00+00:00,2be19368e929453da4e09645e8a54f05
2,EXOSENSE: Exoskeleton Sensor Data Fusion and Insight System,DEPT OF DEFENSE,5417,2100,2021-03-24 16:00:00+00:00,154f9f25d2bb4cda9df5998273013426
3,Request for Information - CDC Data Acquisition Requirements,"HEALTH AND HUMAN SERVICES, DEPARTMENT OF",541990,7523,2021-04-01 16:00:00+00:00,9d6d9f03cbe44a898df42d6a4d8f9753
4,System Administration and Integrated Logistics Support,DEPT OF DEFENSE,541513,1700,2021-03-20 16:00:00+00:00,0307c2fd20e847c8a0c2fdec9ebdfba0
5,KC-130J Harvest Hawk Plus Configuration Aircraft Offensive Air Support (OAS) and Multi-Sensor Imagery Reconnaissance (MIR) Missions,DEPT OF DEFENSE,336413,1700,2021-03-11 22:00:00+00:00,dc47e13ce02147988d84542cb1723be7
6,Combat Net Radio,DEPT OF DEFENSE,334220,2100,2021-03-15 16:00:00+00:00,79c426c5fd6e435db148100a2537e06d
7,ARMD ADVANCED AIR MOBILITY NATIONAL CAMPAIGN � 1 ANNOUNCEMENT OF COLLABORATIVE PARTNERSHIP OPPORTUNITIES,NATIONAL AERONAUTICS AND SPACE ADMINISTRATION,336411,8000,2021-04-02 18:00:00+00:00,09cb2983698543b99d70d33f4b82fc86
8,Service for two (2) Government-owned ABI Genetic Analyzers3500xL S/N ABI Genetic Analyzers,"HEALTH AND HUMAN SERVICES, DEPARTMENT OF",811219,7529,2021-03-11 20:00:00+00:00,0f6cd744778d45fbb1a787a773e509e8
9,NOTICE OF INTENT TO AWARD SOLE SOURCE-NOT A REQUEST FOR QUOTATIONS-Software Licenses,"HEALTH AND HUMAN SERVICES, DEPARTMENT OF",541715,7529,2021-03-17 16:00:00+00:00,3ae96ff704e84fdda37ee826277d8382
