,Opportunity Name,Soliciting Agency,NAICS Code,FPDS Code,Response Dead Line,Notice Id
0,RESEARCH AND DEVELOPMENT OF NAVAL POWER AND ENERGY SYSTEMS (N00024-19-R-4145 Broad Agency Announcement (BAA)),DEPT OF DEFENSE,335311,1700,2021-04-05 21:00:00+00:00,7aff84b64bc24bc3b754d353c3597c4a
1,Security Operations Center - Limited Source Justification (LSJ),SECURITIES AND EXCHANGE COMMISSION,541512,5000,2021-07-22 16:00:00+00:00,221ee4bba5784a5b844f76ab669bcfc6
2,"2021 Human Systems, Biomedical and Biotechnology Communities of Interest (CoIs) Independent Research & Development (IR&D) Technology Interchange Meetings",DEPT OF DEFENSE,,5700,2021-03-19 19:00:00+00:00,edee3eda632a4f3da74b137ee5b10ad1
3,Notice of Intent to Sole Source for Ground Based Communication System,DEPT OF DEFENSE,517,97AK,2021-03-12 23:00:00+00:00,eebc1878e4aa404fb117a6f9f6822b8c
4,"DTRA - Assessment, Exercise, and Modeling and Simulation Support",DEPT OF DEFENSE,541330,9761,2021-03-15 16:00:00+00:00,66bc93e66572466891309a564733fc73
5,"DTRA - Assessment, Exercise, and Modeling and Simulation Support",DEPT OF DEFENSE,541330,9761,2021-03-15 16:00:00+00:00,f3ceff2c4703480a9e36faf98254b2d3
6,Solicitation Amendment 0001- CBRN Filters & Filter Assembly Components,DEPT OF DEFENSE,322299,2100,2021-04-12 21:00:00+00:00,825f91e99e314f6eb528a54bc4ae72d8
7,Dry Close Air Support,DEPT OF DEFENSE,611699,2100,2021-03-17 04:00:00+00:00,7901d76c809740e19a1ac33b1839f20c
8,TERMINAL DATA FLIGHT MANAGER (TFDM) Test Bed,"TRANSPORTATION, DEPARTMENT OF",,6920,2021-03-15 21:00:00+00:00,c33974f589344e379a56a4e67298bf7a
9,IT Manager - Personal Services Contract,"TREASURY, DEPARTMENT OF THE",541519,2001,2021-07-01 03:59:00+00:00,8f12cd68b72946988ae11ccd2c5ed5a3
